Entry,Theta,Status,Count,RawScore,SE,Infit,Infit_Z,Outfit,Outfit_Z,Displacement,PointMeasureCorr,Weight,ObservMatch,ExpectMatch,PointMeasureExpected,RMSR,WMLE,testeventid,ssid,asmtprmrydsbltycd,asmtscndrydsbltycd
237,-0.38,1,13,5,0.61,1.4,1.18,1.8,1.75,0,-0.24,1,53.8,67.3,0.36,0.48,-0.35,145546,14026430,82,0
260,0.73,1,13,8,0.62,1.26,1.17,1.17,0.63,0,0.18,1,46.2,69.2,0.4,0.5,0.68,151171,14355264,10,10
574,4.51,0,13,13,1.89,1,0,1,0,0,0,1,100,100,0,0,4.51,147273,19956967,82,0
67,2.21,1,13,11,0.84,0.73,-0.34,0.56,-0.39,0,0.63,1,92.3,86.3,0.38,0.28,2.02,150465,12892416,80,20
515,-1.21,1,13,3,0.69,1.4,1.18,1.8,1.35,0,-0.29,1,69.2,77.2,0.29,0.47,-1.11,148148,17499712,82,0
266,1.14,1,13,9,0.66,0.64,-1.14,0.52,-0.94,0,0.76,1,84.6,74.5,0.41,0.35,1.06,151510,14591367,82,0
477,4.51,0,13,13,1.89,1,0,1,0,0,0,1,100,100,0,0,4.51,148819,16768930,20,0
356,3.13,1,13,12,1.11,1.34,0.73,0.95,0.41,0,0.12,1,76.9,92.3,0.32,0.29,2.71,148101,15459624,10,0
81,3.13,1,13,12,1.11,1.29,0.6,0.93,0.21,0,0.3,1,92.3,92.3,0.32,0.28,2.71,148101,13009133,10,0
576,-0.77,1,13,4,0.64,1.04,0.25,0.96,0.12,0,0.31,1,84.6,71.3,0.33,0.43,-0.71,144028,20446039,90,0
333,2.21,1,13,11,0.84,1.53,1.87,1.73,1.42,0,-0.17,1,76.9,86.3,0.38,0.54,2.02,147285,15291960,10,20
72,0.35,1,13,7,0.61,1.09,0.72,1.01,0.15,0,0.28,1,61.5,66.7,0.39,0.49,0.33,143849,12957658,10,50
372,3.13,1,13,12,1.11,1.4,0.74,4.05,1.55,0,-0.63,1,76.9,92.3,0.32,0.3,2.71,147128,15635619,82,0
307,4.51,0,13,13,1.89,1,0,1,0,0,0,1,100,100,0,0,4.51,151899,14793318,82,0
479,2.21,1,13,11,0.84,0.73,-0.35,0.54,-0.39,0,0.63,1,92.3,86.3,0.38,0.28,2.02,149499,16790871,80,0
142,4.51,0,13,13,1.89,1,0,1,0,0,0,1,100,100,0,0,4.51,145015,13212753,80,90
51,3.13,1,13,12,1.11,0.52,-0.44,0.17,-0.5,0,0.73,1,92.3,92.3,0.32,0.18,2.71,148436,12361720,80,80
90,-1.21,1,13,3,0.69,1.25,1.01,1.24,0.6,0,0.18,1,69.2,77.2,0.29,0.46,-1.11,148509,13005545,82,0
422,2.21,1,13,11,0.84,0.73,-0.35,0.54,-0.39,0,0.63,1,92.3,86.3,0.38,0.28,2.02,152482,16311825,82,80
134,-3.89,-1,13,0,1.86,1,0,1,0,0,0,1,100,100,0,0,-3.89,143438,13202014,70,82
14,3.13,1,13,12,1.11,1.37,0.68,2.16,1.26,0,-0.15,1,76.9,92.3,0.32,0.3,2.71,151705,12158216,10,0
93,0.35,1,13,7,0.61,1.25,1.04,1.23,0.66,0,0.18,1,53.8,66.7,0.39,0.5,0.33,148509,13019368,0,0
298,3.13,1,13,12,1.11,0.52,-0.44,0.17,-0.5,0,0.73,1,92.3,92.3,0.32,0.18,2.71,151540,14737523,60,50
387,4.51,0,13,13,1.89,1,0,1,0,0,0,1,100,100,0,0,4.51,147718,15753891,60,50
379,0.73,1,13,8,0.62,1.11,0.4,0.99,0.12,0,0.32,1,61.5,69.2,0.4,0.44,0.68,152099,15579921,82,0
1,4.51,0,13,13,1.89,1,0,1,0,0,0,1,100,100,0,0,4.51,144489,11552247,80,0
64,-0.01,1,13,6,0.6,0.84,-0.72,0.78,-0.73,0,0.55,1,76.9,65.7,0.38,0.43,-0.01,148522,12432873,10,80
474,2.21,1,13,11,0.84,1.42,0.88,1.34,0.86,0,0.02,1,76.9,86.3,0.38,0.38,2.02,145694,16736915,80,50
235,-0.38,1,13,5,0.61,1.44,2.87,1.41,1,0,-0.05,1,38.5,67.3,0.36,0.56,-0.35,151046,14028255,80,0
332,0.73,1,13,8,0.62,0.69,-1.54,0.56,-1.25,0,0.71,1,84.6,69.2,0.4,0.38,0.68,143954,15361780,80,10
188,0.73,1,13,8,0.62,1.54,1.31,1.73,1.56,0,-0.11,1,53.8,69.2,0.4,0.47,0.68,144315,13911732,80,50
456,4.51,0,13,13,1.89,1,0,1,0,0,0,1,100,100,0,0,4.51,146661,16644549,82,0
11,1.14,1,13,9,0.66,0.64,-1.21,0.52,-1.25,0,0.76,1,84.6,74.5,0.41,0.34,1.06,150639,12158216,0,0
338,2.21,1,13,11,0.84,0.73,-0.35,0.54,-0.39,0,0.63,1,92.3,86.3,0.38,0.28,2.02,148185,15402606,10,50
520,4.51,0,13,13,1.89,1,0,1,0,0,0,1,100,100,0,0,4.51,149371,17036097,10,0
204,2.21,1,13,11,0.84,0.73,-0.34,0.54,-0.39,0,0.63,1,92.3,86.3,0.38,0.28,2.02,150518,13941976,82,0
251,1.61,1,13,10,0.72,0.84,-0.28,0.7,-0.44,0,0.55,1,84.6,80.6,0.41,0.36,1.5,145513,14055333,82,0
79,-1.21,1,13,3,0.69,0.76,-0.65,0.59,-0.5,0,0.55,1,84.6,77.2,0.29,0.34,-1.11,152149,12958018,82,0
78,3.13,1,13,12,1.11,0.52,-0.44,0.17,-0.5,0,0.73,1,92.3,92.3,0.32,0.18,2.71,146530,12961531,10,50
585,1.61,1,13,10,0.72,0.98,0.1,1.15,0.48,0,0.38,1,84.6,80.6,0.41,0.37,1.5,149972,20446039,50,0
132,-3.89,-1,13,0,1.86,1,0,1,0,0,0,1,100,100,0,0,-3.89,149762,13168487,10,50
65,0.35,1,13,7,0.61,1.25,1.17,1.16,0.63,0,0.17,1,53.8,66.7,0.39,0.52,0.33,145548,12698113,10,50
274,2.21,1,13,11,0.84,1.36,0.8,1.26,0.73,0,0.03,1,76.9,86.3,0.38,0.38,2.02,151072,14639432,82,0
100,3.13,1,13,12,1.11,0.52,-0.44,0.17,-0.5,0,0.73,1,92.3,92.3,0.32,0.18,2.71,148597,13061801,50,0
56,2.21,1,13,11,0.84,0.73,-0.34,0.54,-0.39,0,0.63,1,92.3,86.3,0.38,0.28,2.02,144899,12353795,10,0
331,3.13,1,13,12,1.11,0.52,-0.44,0.17,-0.5,0,0.73,1,92.3,92.3,0.32,0.18,2.71,143614,15365573,80,0
316,-1.21,1,13,3,0.69,1.54,1.18,1.56,0.76,0,-0.1,1,69.2,77.2,0.29,0.48,-1.11,149269,14836017,82,0
68,1.61,1,13,10,0.72,0.84,-0.21,0.75,-0.31,0,0.49,1,84.6,80.6,0.41,0.38,1.5,147881,12899046,80,20
402,1.61,1,13,10,0.72,0.66,-0.77,0.5,-0.89,0,0.73,1,84.6,80.6,0.41,0.31,1.5,143930,16177347,82,0
389,3.13,1,13,12,1.11,0.52,-0.44,0.17,-0.5,0,0.73,1,92.3,92.3,0.32,0.18,2.71,147003,16084101,10,0
224,3.13,1,13,12,1.11,0.52,-0.44,0.17,-0.5,0,0.73,1,92.3,92.3,0.32,0.18,2.71,146092,13991906,50,0
401,0.35,1,13,7,0.61,0.78,-0.9,0.71,-1.13,0,0.63,1,69.2,66.7,0.39,0.38,0.33,142994,16154096,82,50
22,-1.76,1,13,2,0.8,0.71,-0.48,0.35,-0.44,0,0.55,1,84.6,84.6,0.25,0.29,-1.57,150710,12257192,82,20
84,1.61,1,13,10,0.72,0.78,-0.45,0.59,-0.65,0,0.61,1,84.6,80.6,0.41,0.34,1.5,148448,13009133,80,0
380,0.35,1,13,7,0.61,0.84,-0.8,0.78,-0.77,0,0.55,1,84.6,66.7,0.39,0.44,0.33,147998,15587401,82,0
351,-3.89,-1,13,0,1.86,1,0,1,0,0,0,1,100,100,0,0,-3.89,143332,15486842,90,50
178,-0.01,1,13,6,0.6,1.61,2.87,2.74,1.48,0,-0.34,1,38.5,65.7,0.38,0.64,-0.01,149095,13862766,80,0
567,-1.76,1,13,2,0.8,0.71,-0.41,0.35,-0.44,0,0.55,1,84.6,84.6,0.25,0.29,-1.57,145686,19572026,82,0
171,-3.89,-1,13,0,1.86,1,0,1,0,0,0,1,100,100,0,0,-3.89,149762,13834576,10,0
312,3.13,1,13,12,1.11,0.52,-0.44,0.17,-0.5,0,0.73,1,92.3,92.3,0.32,0.18,2.71,145647,14808641,10,0
285,4.51,0,13,13,1.89,1,0,1,0,0,0,1,100,100,0,0,4.51,143878,14697122,82,0
440,3.13,1,13,12,1.11,0.52,-0.44,0.17,-0.5,0,0.73,1,92.3,92.3,0.32,0.18,2.71,148723,16521773,10,80
323,1.14,1,13,9,0.66,0.97,0.09,0.92,0.11,0,0.47,1,69.2,74.5,0.41,0.42,1.06,146532,15142094,10,0
25,-1.21,1,13,3,0.69,0.92,-0.1,0.98,0,0,0.41,1,84.6,77.2,0.29,0.38,-1.11,145536,12269840,10,0
573,-1.21,1,13,3,0.69,0.93,-0.1,1.28,0.53,0,0.28,1,84.6,77.2,0.29,0.39,-1.11,150081,19699107,10,0
198,-1.76,1,13,2,0.8,1.44,1.18,2.52,1.35,0,-0.28,1,84.6,84.6,0.25,0.41,-1.57,149793,13956485,82,0
322,4.51,0,13,13,1.89,1,0,1,0,0,0,1,100,100,0,0,4.51,146668,15137406,90,0
24,-0.01,1,13,6,0.6,0.71,-1.17,0.64,-1.14,0,0.68,1,76.9,65.7,0.38,0.44,-0.01,150647,12272949,10,0
120,2.21,1,13,11,0.84,0.73,-0.35,0.54,-0.39,0,0.63,1,92.3,86.3,0.38,0.28,2.02,144221,13132687,82,0
32,-0.77,1,13,4,0.64,1.36,1.33,1.42,0.98,0,-0.04,1,53.8,71.3,0.33,0.48,-0.71,151880,12263559,10,10
582,4.51,0,13,13,1.89,1,0,1,0,0,0,1,100,100,0,0,4.51,150013,20373031,10,0
417,2.21,1,13,11,0.84,0.73,-0.35,0.54,-0.39,0,0.63,1,92.3,86.3,0.38,0.28,2.02,152076,16301897,0,0
350,-3.89,-1,13,0,1.86,1,0,1,0,0,0,1,100,100,0,0,-3.89,146943,15473848,10,0
555,-2.59,1,13,1,1.06,0.78,-0.01,0.45,-0.15,0,0.43,1,92.3,92.3,0.18,0.28,-2.15,146686,18859747,10,50
6,0.35,1,13,7,0.61,1.17,0.58,0.93,0.14,0,0.43,1,53.8,66.7,0.39,0.48,0.33,152323,11498951,10,50
18,-2.59,1,13,1,1.06,1.11,0.4,1.11,0.52,0,0.02,1,92.3,92.3,0.18,0.29,-2.15,152260,12127655,74,0
27,-0.77,1,13,4,0.64,0.71,-0.86,0.65,-0.72,0,0.61,1,84.6,71.3,0.33,0.37,-0.71,146355,12271683,70,0
283,-1.21,1,13,3,0.69,0.95,0.12,0.53,0,0,0.41,1,84.6,77.2,0.29,0.34,-1.11,144462,14663333,82,0
66,-1.21,1,13,3,0.69,1.33,0.98,1.47,0.77,0,-0.04,1,69.2,77.2,0.29,0.47,-1.11,148530,12892416,80,0
491,2.21,1,13,11,0.84,0.93,-0.03,0.87,0,0,0.46,1,92.3,86.3,0.38,0.3,2.02,143476,16840453,82,0
573,0.73,1,13,8,0.62,0.91,-0.27,0.81,-0.56,0,0.48,1,76.9,69.2,0.4,0.43,0.68,142989,19699107,80,0
219,1.61,1,13,10,0.72,0.84,-0.21,0.68,-0.36,0,0.55,1,84.6,80.6,0.41,0.35,1.5,151205,14005298,10,0
87,4.51,0,13,13,1.89,1,0,1,0,0,0,1,100,100,0,0,4.51,143951,13000241,10,0
340,0.35,1,13,7,0.61,0.81,-0.9,0.64,-0.77,0,0.61,1,84.6,66.7,0.39,0.37,0.33,148185,15443205,80,0
366,-0.01,1,13,6,0.6,0.64,-1.48,0.59,-1.12,0,0.76,1,84.6,65.7,0.38,0.37,-0.01,147987,15522687,82,0
385,4.51,0,13,13,1.89,1,0,1,0,0,0,1,100,100,0,0,4.51,148084,15958477,82,0
533,0.35,1,13,7,0.61,0.94,-0.18,0.87,-0.38,0,0.52,1,53.8,66.7,0.39,0.45,0.33,148721,18023924,10,0
147,4.51,0,13,13,1.89,1,0,1,0,0,0,1,100,100,0,0,4.51,149129,13238884,10,0
320,4.51,0,13,13,1.89,1,0,1,0,0,0,1,100,100,0,0,4.51,144978,15051366,10,50
372,3.13,1,13,12,1.11,1.4,0.73,2.64,1.08,0,-0.02,1,92.3,92.3,0.32,0.3,2.71,143113,15587401,82,80
484,-0.77,1,13,4,0.64,1.54,1.42,2,1.31,0,-0.22,1,46.2,71.3,0.33,0.49,-0.71,144990,16854802,10,0
542,4.51,0,13,13,1.89,1,0,1,0,0,0,1,100,100,0,0,4.51,143621,18498663,70,0
520,1.61,1,13,10,0.72,1.54,1.37,2.01,1.38,0,-0.06,1,69.2,80.6,0.41,0.48,1.5,148748,17242258,10,80
444,-0.77,1,13,4,0.64,0.87,-0.36,0.76,-0.44,0,0.58,1,84.6,71.3,0.33,0.41,-0.71,145563,16566858,10,0
112,2.21,1,13,11,0.84,0.58,-0.7,0.35,-0.78,0,0.76,1,92.3,86.3,0.38,0.25,2.02,147791,13125389,82,0
348,1.14,1,13,9,0.66,0.86,-0.29,0.87,-0.01,0,0.56,1,84.6,74.5,0.41,0.38,1.06,151479,15437841,82,0
488,1.61,1,13,10,0.72,0.98,0.2,1.4,0.84,0,0.28,1,84.6,80.6,0.41,0.37,1.5,145435,16848209,82,60
277,1.61,1,13,10,0.72,0.81,-0.45,0.71,-0.75,0,0.56,1,84.6,80.6,0.41,0.38,1.5,145414,14643723,82,80
430,-3.89,-1,13,0,1.86,1,0,1,0,0,0,1,100,100,0,0,-3.89,148612,16393422,10,50
349,1.61,1,13,10,0.72,0.66,-0.88,0.5,-1.13,0,0.72,1,84.6,80.6,0.41,0.31,1.5,144548,15437841,70,0
309,1.14,1,13,9,0.66,0.94,-0.04,0.81,-0.22,0,0.49,1,69.2,74.5,0.41,0.39,1.06,151472,14786508,10,0
72,1.61,1,13,10,0.72,0.84,-0.21,0.75,-0.33,0,0.49,1,84.6,80.6,0.41,0.38,1.5,150493,12959839,10,20
253,1.14,1,13,9,0.66,0.94,-0.08,0.81,-0.36,0,0.52,1,69.2,74.5,0.41,0.4,1.06,152032,14055333,82,80
315,-1.21,1,13,3,0.69,1.13,0.44,1.12,0.44,0,0.23,1,84.6,77.2,0.29,0.4,-1.11,151524,14814269,10,0
407,4.51,0,13,13,1.89,1,0,1,0,0,0,1,100,100,0,0,4.51,152509,16275152,80,0
504,3.13,1,13,12,1.11,1.39,0.71,3.37,1.72,0,-0.63,1,76.9,92.3,0.32,0.29,2.71,144564,16923146,10,50
203,2.21,1,13,11,0.84,0.73,-0.35,0.54,-0.39,0,0.63,1,92.3,86.3,0.38,0.28,2.02,150560,13930796,10,0
97,0.73,1,13,8,0.62,0.84,-0.72,0.68,-0.78,0,0.59,1,84.6,69.2,0.4,0.35,0.68,145550,13060570,10,20
147,2.21,1,13,11,0.84,0.73,-0.35,0.54,-0.39,0,0.63,1,92.3,86.3,0.38,0.28,2.02,144221,13236156,80,0
113,2.21,1,13,11,0.84,0.58,-0.7,0.35,-0.78,0,0.76,1,92.3,86.3,0.38,0.23,2.02,148199,13132636,0,0
293,3.13,1,13,12,1.11,0.52,-0.44,0.17,-0.5,0,0.73,1,92.3,92.3,0.32,0.18,2.71,151584,14737523,60,82
213,2.21,1,13,11,0.84,0.73,-0.35,0.54,-0.39,0,0.63,1,92.3,86.3,0.38,0.28,2.02,151008,13969315,80,0
128,2.21,1,13,11,0.84,0.79,-0.23,0.69,-0.16,0,0.56,1,92.3,86.3,0.38,0.29,2.02,146327,13175580,10,0
568,-1.76,1,13,2,0.8,1.27,0.67,2.17,1.1,0,-0.16,1,84.6,84.6,0.25,0.39,-1.57,144317,19469705,82,0
189,1.14,1,13,9,0.66,0.64,-1.21,0.55,-1.14,0,0.76,1,100,74.5,0.41,0.34,1.06,147945,13911732,82,0
511,3.13,1,13,12,1.11,0.52,-0.44,0.17,-0.5,0,0.73,1,92.3,92.3,0.32,0.18,2.71,148740,16971132,90,0
243,3.13,1,13,12,1.11,0.52,-0.44,0.17,-0.5,0,0.73,1,92.3,92.3,0.32,0.18,2.71,145565,14040336,82,0
140,-2.59,1,13,1,1.06,1.04,0.18,0.91,0.18,0,0.31,1,92.3,92.3,0.18,0.27,-2.15,144887,13195484,82,0
585,1.61,1,13,10,0.72,0.63,-0.8,0.47,-0.89,0,0.76,1,84.6,80.6,0.41,0.31,1.5,143786,20498551,90,0
142,-2.59,1,13,1,1.06,1.21,0.52,3.6,1.6,0,-0.3,1,92.3,92.3,0.18,0.29,-2.15,143100,13200917,70,0
198,-1.76,1,13,2,0.8,1.94,2.06,2.66,1.6,0,-0.63,1,84.6,84.6,0.25,0.41,-1.57,151025,13936417,80,20
26,-0.77,1,13,4,0.64,1.25,0.92,1.62,0.76,0,-0.1,1,46.2,71.3,0.33,0.49,-0.71,152216,12233056,0,0
569,0.35,1,13,7,0.61,0.89,-0.62,0.79,-0.65,0,0.52,1,69.2,66.7,0.39,0.42,0.33,144633,19572026,90,50
312,3.13,1,13,12,1.11,0.52,-0.44,0.17,-0.5,0,0.73,1,92.3,92.3,0.32,0.18,2.71,145647,14784491,10,0
238,3.13,1,13,12,1.11,1.3,0.6,0.93,0.41,0,0.11,1,92.3,92.3,0.32,0.28,2.71,145411,14014017,82,0
190,-0.77,1,13,4,0.64,1.3,0.98,1.47,0.84,0,-0.04,1,53.8,71.3,0.33,0.49,-0.71,150442,13911732,80,50
391,2.21,1,13,11,0.84,0.73,-0.35,0.54,-0.39,0,0.63,1,92.3,86.3,0.38,0.28,2.02,147304,15905187,10,50
378,0.73,1,13,8,0.62,0.61,-1.48,0.6,-1.36,0,0.76,1,69.2,69.2,0.4,0.38,0.68,152497,15635619,10,82
211,-1.21,1,13,3,0.69,1.13,0.45,1.12,0.44,0,0.28,1,84.6,77.2,0.29,0.39,-1.11,151171,13963953,80,0
75,-3.89,-1,13,0,1.86,1,0,1,0,0,0,1,100,100,0,0,-3.89,144984,12958565,10,70
397,2.21,1,13,11,0.84,0.73,-0.35,0.54,-0.39,0,0.63,1,92.3,86.3,0.38,0.28,2.02,147304,16102320,82,0
532,-3.89,-1,13,0,1.86,1,0,1,0,0,0,1,100,100,0,0,-3.89,148040,18023924,82,70
422,1.14,1,13,9,0.66,0.87,-0.29,0.78,-0.49,0,0.53,1,76.9,74.5,0.41,0.4,1.06,151012,16300459,50,0
163,3.13,1,13,12,1.11,0.52,-0.44,0.17,-0.5,0,0.73,1,92.3,92.3,0.32,0.18,2.71,145665,13824929,82,0
564,0.73,1,13,8,0.62,0.72,-0.94,0.71,-0.93,0,0.68,1,69.2,69.2,0.4,0.37,0.68,146345,19771843,90,50
175,3.13,1,13,12,1.11,0.52,-0.44,0.17,-0.5,0,0.73,1,92.3,92.3,0.32,0.18,2.71,150990,13862766,82,0
290,-1.21,1,13,3,0.69,0.95,0.2,0.81,0.11,0,0.41,1,84.6,77.2,0.29,0.38,-1.11,143140,14724553,82,0
52,3.13,1,13,12,1.11,0.52,-0.44,0.17,-0.5,0,0.73,1,92.3,92.3,0.32,0.18,2.71,148436,12338478,50,50
494,3.13,1,13,12,1.11,0.52,-0.44,0.17,-0.5,0,0.73,1,92.3,92.3,0.32,0.18,2.71,148740,16859545,90,0
574,-0.77,1,13,4,0.64,1.27,0.98,1.51,1,0,-0.05,1,46.2,71.3,0.33,0.5,-0.71,148738,20411162,10,0
377,2.21,1,13,11,0.84,0.85,-0.14,0.87,0.11,0,0.46,1,92.3,86.3,0.38,0.3,2.02,144599,15631915,10,0
342,-3.89,-1,13,0,1.86,1,0,0.6,0,0,0,1,100,100,0,0,-3.89,143210,15432920,80,0
151,1.14,1,13,9,0.66,0.88,-0.36,0.75,-0.56,0,0.58,1,69.2,74.5,0.41,0.39,1.06,147881,13276824,82,0
312,3.13,1,13,12,1.11,0.52,-0.44,0.17,-0.5,0,0.73,1,92.3,92.3,0.32,0.18,2.71,146108,14781026,10,50
543,1.14,1,13,9,0.66,0.72,-1.21,0.59,-1.22,0,0.68,1,84.6,74.5,0.41,0.34,1.06,148717,18693504,10,0
561,1.61,1,13,10,0.72,0.66,-0.8,0.5,-0.86,0,0.72,1,84.6,80.6,0.41,0.31,1.5,149454,19244657,0,0
317,3.13,1,13,12,1.11,0.52,-0.44,0.17,-0.5,0,0.73,1,92.3,92.3,0.32,0.18,2.71,146108,14836017,10,0
234,4.51,0,13,13,1.89,1,0,1,0,0,0,1,100,100,0,0,4.51,145561,14027631,82,0
572,-1.21,1,13,3,0.69,1.16,0.83,1.12,0.44,0,0.23,1,69.2,77.2,0.29,0.45,-1.11,148701,19699107,82,0
422,2.21,1,13,11,0.84,0.83,-0.09,0.72,0.25,0,0.5,1,92.3,86.3,0.38,0.3,2.02,146686,16319001,82,10
133,-3.89,-1,13,0,1.86,1,0,1,0,0,0,1,100,100,0,0,-3.89,150409,13200917,82,0
553,1.61,1,13,10,0.72,1.54,2.06,2,1.56,0,-0.17,1,69.2,80.6,0.41,0.54,1.5,146323,18927335,82,50
395,3.13,1,13,12,1.11,0.52,-0.44,0.17,-0.5,0,0.73,1,92.3,92.3,0.32,0.18,2.71,152492,16218078,10,0
288,0.35,1,13,7,0.61,1.3,1.04,1.16,0.58,0,0.17,1,46.2,66.7,0.39,0.51,0.33,151524,14705133,50,80
527,3.13,1,13,12,1.11,1.27,0.6,1.08,0.52,0,0.12,1,92.3,92.3,0.32,0.27,2.71,146687,17916380,10,50
23,-1.76,1,13,2,0.8,1.55,1.25,2.66,1.6,0,-0.34,1,69.2,84.6,0.25,0.47,-1.57,151880,12250449,82,0
191,2.21,1,13,11,0.84,0.74,-0.35,0.54,-0.37,0,0.62,1,92.3,86.3,0.38,0.25,2.02,150518,13910485,82,0
351,3.13,1,13,12,1.11,0.52,-0.44,0.17,-0.5,0,0.73,1,92.3,92.3,0.32,0.18,2.71,152061,15473848,70,0
336,-0.38,1,13,5,0.61,0.9,-0.8,0.82,-0.61,0,0.52,1,84.6,67.3,0.36,0.43,-0.35,152529,15407268,82,80
288,2.21,1,13,11,0.84,0.83,-0.11,1,0.25,0,0.46,1,92.3,86.3,0.38,0.3,2.02,151899,14705133,82,0
555,-2.59,1,13,1,1.06,0.94,0.2,0.92,0,0,0.3,1,92.3,92.3,0.18,0.27,-2.15,146460,18926339,10,0
452,3.13,1,13,12,1.11,0.52,-0.44,0.17,-0.5,0,0.73,1,92.3,92.3,0.32,0.18,2.71,146964,16494059,82,10
186,4.51,0,13,13,1.89,1,0,1,0,0,0,1,100,100,0,0,4.51,145783,13867881,10,50
428,3.13,1,13,12,1.11,0.52,-0.44,0.17,-0.5,0,0.73,1,92.3,92.3,0.32,0.18,2.71,143938,16393422,10,0
252,1.61,1,13,10,0.72,0.86,-0.21,0.7,-0.31,0,0.49,1,84.6,80.6,0.41,0.36,1.5,146783,14204029,10,0
319,3.13,1,13,12,1.11,1.39,0.74,3.37,1.6,0,-0.3,1,76.9,92.3,0.32,0.29,2.71,147285,14827506,20,50
387,1.14,1,13,9,0.66,0.97,-0.13,0.89,-0.31,0,0.41,1,69.2,74.5,0.41,0.44,1.06,148392,15753891,82,0
146,-2.59,1,13,1,1.06,1.21,0.47,1.92,0.95,0,-0.02,1,92.3,92.3,0.18,0.29,-2.15,143764,13238884,10,70
30,-0.77,1,13,4,0.64,1.61,1,1.78,1.56,0,-0.29,1,53.8,71.3,0.33,0.5,-0.71,152313,12263559,82,80
47,0.73,1,13,8,0.62,0.77,-0.93,0.69,-0.93,0,0.64,1,76.9,69.2,0.4,0.39,0.68,145563,12309265,10,0
457,3.13,1,13,12,1.11,0.52,-0.44,0.17,-0.5,0,0.73,1,92.3,92.3,0.32,0.18,2.71,148723,16630769,82,0
14,0.35,1,13,7,0.61,0.81,-1.17,0.75,-1.22,0,0.56,1,76.9,66.7,0.39,0.42,0.33,147191,12192406,80,0
378,1.61,1,13,10,0.72,0.78,-0.45,0.59,-0.65,0,0.61,1,84.6,80.6,0.41,0.34,1.5,152543,15635619,10,50
267,0.73,1,13,8,0.62,0.8,-0.79,0.75,-0.83,0,0.64,1,69.2,69.2,0.4,0.41,0.68,145550,14583305,82,0
368,4.51,0,13,13,1.89,1,0,1,0,0,0,1,100,100,0,0,4.51,152369,15506746,80,0
524,-3.89,-1,13,0,1.86,1,0,1,0,0,0,1,100,100,0,0,-3.89,148059,17156637,82,0
95,-1.76,1,13,2,0.8,1.4,0.88,2.66,1.54,0,-0.34,1,69.2,84.6,0.25,0.47,-1.57,145987,13021427,82,0
441,4.51,0,13,13,1.89,1,0,1,0,0,0,1,100,100,0,0,4.51,148614,16566858,10,50
248,1.14,1,13,9,0.66,0.64,-1.21,0.52,-1.22,0,0.76,1,84.6,74.5,0.41,0.34,1.06,142970,14054043,82,0
483,3.13,1,13,12,1.11,0.52,-0.44,0.17,-0.5,0,0.73,1,92.3,92.3,0.32,0.18,2.71,147947,16802098,50,0
310,4.51,0,13,13,1.89,1,0,1,0,0,0,1,100,100,0,0,4.51,144539,14784491,10,0
38,2.21,1,13,11,0.84,0.73,-0.35,0.54,-0.39,0,0.63,1,92.3,86.3,0.38,0.28,2.02,150465,12290408,70,0
301,0.35,1,13,7,0.61,1.25,1.16,1.16,0.63,0,0.17,1,38.5,66.7,0.39,0.51,0.33,151524,14739445,50,0
196,2.21,1,13,11,0.84,0.7,-0.48,0.5,-0.5,0,0.67,1,92.3,86.3,0.38,0.28,2.02,150990,13955055,50,0
185,2.21,1,13,11,0.84,0.7,-0.41,0.51,-0.48,0,0.65,1,92.3,86.3,0.38,0.28,2.02,150582,13868756,10,0
368,4.51,0,13,13,1.89,1,0,1,0,0,0,1,100,100,0,0,4.51,152460,15502430,82,0
396,4.51,0,13,13,1.89,1,0,1,0,0,0,1,100,100,0,0,4.51,144715,16218175,10,0
42,-0.38,1,13,5,0.61,1.65,2.87,1.65,3.69,0,-0.36,1,23.1,67.3,0.36,0.59,-0.35,149095,12309265,82,40
491,3.13,1,13,12,1.11,0.52,-0.44,0.17,-0.5,0,0.73,1,92.3,92.3,0.32,0.18,2.71,143938,16847466,80,0
272,3.13,1,13,12,1.11,0.52,-0.44,0.17,-0.5,0,0.73,1,92.3,92.3,0.32,0.18,2.71,143666,14639432,10,50
70,2.21,1,13,11,0.84,0.58,-0.7,0.35,-0.78,0,0.76,1,92.3,86.3,0.38,0.25,2.02,148597,12892416,10,82
256,1.14,1,13,9,0.66,0.72,-1.21,0.54,-1.12,0,0.68,1,100,74.5,0.41,0.34,1.06,142977,14355264,82,0
138,3.13,1,13,12,1.11,0.52,-0.44,0.17,-0.5,0,0.73,1,92.3,92.3,0.32,0.18,2.71,146938,13212753,10,70
506,0.35,1,13,7,0.61,1.25,1.04,1.22,0.55,0,0.14,1,46.2,66.7,0.39,0.52,0.33,145239,16971132,80,50
149,4.51,0,13,13,1.89,1,0,1,0,0,0,1,100,100,0,0,4.51,145064,13236156,10,90
554,-2.59,1,13,1,1.06,1.21,0.52,3.6,1.6,0,-0.3,1,92.3,92.3,0.18,0.27,-2.15,150760,18926339,80,82
26,0.35,1,13,7,0.61,1.25,1.17,1.16,0.74,0,0.17,1,53.8,66.7,0.39,0.51,0.33,152260,12250449,10,0
43,-0.01,1,13,6,0.6,1.1,0.59,1.07,0.32,0,0.33,1,53.8,65.7,0.38,0.48,-0.01,148572,12288780,10,0
179,-0.01,1,13,6,0.6,1.94,2.04,1.65,1.48,0,-0.29,1,53.8,65.7,0.38,0.54,-0.01,150529,13849123,82,0
425,0.73,1,13,8,0.62,0.72,-0.9,0.69,-0.96,0,0.68,1,84.6,69.2,0.4,0.38,0.68,143017,16311825,82,0
372,3.13,1,13,12,1.11,0.52,-0.44,0.17,-0.5,0,0.73,1,92.3,92.3,0.32,0.18,2.71,143069,15587401,82,0
288,2.21,1,13,11,0.84,1.26,0.6,1.08,0.41,0,0.16,1,92.3,86.3,0.38,0.3,2.02,147285,14699737,80,0
473,1.14,1,13,9,0.66,0.87,-0.29,0.78,-0.44,0,0.53,1,69.2,74.5,0.41,0.4,1.06,152458,16768930,10,0
81,-0.77,1,13,4,0.64,1.36,1.11,1.49,0.76,0,-0.04,1,53.8,71.3,0.33,0.47,-0.71,149188,12998117,50,0
467,4.51,0,13,13,1.89,1,0,1,0,0,0,1,100,100,0,0,4.51,143843,16725875,80,0
104,3.13,1,13,12,1.11,0.52,-0.44,0.17,-0.5,0,0.73,1,92.3,92.3,0.32,0.18,2.71,147791,13079549,82,0
336,2.21,1,13,11,0.84,1.34,0.8,1.1,0.41,0,0.16,1,76.9,86.3,0.38,0.39,2.02,142968,15418987,82,0
560,4.51,0,13,13,1.89,1,0,1,0,0,0,1,100,100,0,0,4.51,144719,19217846,10,50
127,-3.89,-1,13,0,1.86,1,0,1,0,0,0,1,100,100,0,0,-3.89,143061,13175750,82,70
265,-3.89,-1,13,0,1.86,1,0,1,0,0,0,1,100,100,0,0,-3.89,147874,14606712,82,80
521,4.51,0,13,13,1.89,1,0,1,0,0,0,1,100,100,0,0,4.51,149371,17085527,10,50
145,-2.59,1,13,1,1.06,1.21,0.49,3.6,1.55,0,-0.34,1,92.3,92.3,0.18,0.27,-2.15,149820,13226932,82,0
230,-1.76,1,13,2,0.8,1.4,0.87,2.66,1.6,0,-0.34,1,84.6,84.6,0.25,0.41,-1.57,149793,14003872,80,50
77,-1.76,1,13,2,0.8,1.4,0.88,1.93,1.47,0,-0.29,1,84.6,84.6,0.25,0.41,-1.57,143467,12957658,82,0
49,-3.89,-1,13,0,1.86,1,0,1,0,0,0,1,100,100,0,0,-3.89,150706,12350958,82,0
105,4.51,0,13,13,1.89,1,0,1,0,0,0,1,100,100,0,0,4.51,147344,13087150,90,50
213,-3.89,-1,13,0,1.86,1,0,1,0,0,0,1,100,100,0,0,-3.89,144601,13970658,10,20
155,2.21,1,13,11,0.84,0.79,-0.01,1,-0.16,0,0.46,1,92.3,86.3,0.38,0.3,2.02,149753,13276824,10,0
23,-0.77,1,13,4,0.64,0.92,-0.19,0.85,0,0,0.37,1,84.6,71.3,0.33,0.43,-0.71,152300,12250449,10,50
277,-1.21,1,13,3,0.69,0.93,0.05,1.28,0.66,0,0.28,1,84.6,77.2,0.29,0.38,-1.11,151593,14643723,82,0
496,3.13,1,13,12,1.11,0.52,-0.44,0.17,-0.5,0,0.73,1,92.3,92.3,0.32,0.18,2.71,148732,16890817,10,0
317,3.13,1,13,12,1.11,0.52,-0.44,0.17,-0.5,0,0.73,1,92.3,92.3,0.32,0.18,2.71,146108,14814269,10,50
97,-1.21,1,13,3,0.69,1.08,0.4,1.01,0.17,0,0.3,1,84.6,77.2,0.29,0.39,-1.11,143061,13061976,70,82
357,2.21,1,13,11,0.84,0.58,-0.7,0.35,-0.67,0,0.78,1,92.3,86.3,0.38,0.25,2.02,152114,15489213,82,0
80,0.73,1,13,8,0.62,0.84,-0.49,0.73,-0.65,0,0.58,1,69.2,69.2,0.4,0.43,0.68,146650,12963232,10,80
75,3.13,1,13,12,1.11,0.52,-0.44,0.17,-0.5,0,0.73,1,92.3,92.3,0.32,0.18,2.71,144627,12963712,10,0
564,4.51,0,13,13,1.89,1,0,1,0,0,0,1,100,100,0,0,4.51,145259,19572018,70,0
208,3.13,1,13,12,1.11,0.52,-0.44,0.17,-0.5,0,0.73,1,92.3,92.3,0.32,0.18,2.71,143652,13964747,70,0
346,4.51,0,13,13,1.89,1,0,1,0,0,0,1,100,100,0,0,4.51,146943,15436969,10,0
40,4.51,0,13,13,1.89,1,0,1,0,0,0,1,100,100,0,0,4.51,143128,12309265,82,0
84,-0.77,1,13,4,0.64,1.36,1.83,1.81,1.34,0,-0.18,1,46.2,71.3,0.33,0.54,-0.71,144990,12998117,50,50
311,2.21,1,13,11,0.84,0.73,-0.35,0.54,-0.39,0,0.63,1,92.3,86.3,0.38,0.28,2.02,143954,14790076,80,10
62,0.35,1,13,7,0.61,1.17,0.92,1.1,0.43,0,0.23,1,46.2,66.7,0.39,0.49,0.33,148572,12505501,10,80
104,0.73,1,13,8,0.62,1,0,1.14,0.44,0,0.22,1,69.2,69.2,0.4,0.39,0.68,145548,13066978,74,80
411,3.13,1,13,12,1.11,1.15,0.45,1,0.09,0,0.17,1,92.3,92.3,0.32,0.28,2.71,143639,16259874,40,0
489,3.13,1,13,12,1.11,0.52,-0.44,0.17,-0.5,0,0.73,1,92.3,92.3,0.32,0.18,2.71,148610,16852745,10,50
559,3.13,1,13,12,1.11,0.52,-0.44,0.17,-0.5,0,0.73,1,92.3,92.3,0.32,0.18,2.71,145686,19244657,10,0
254,0.73,1,13,8,0.62,0.91,-0.19,0.79,-0.24,0,0.49,1,69.2,69.2,0.4,0.42,0.68,145550,14054337,82,0
564,3.13,1,13,12,1.11,1.29,0.63,1.04,0.41,0,0.1,1,92.3,92.3,0.32,0.27,2.71,148327,19551843,80,0
92,-0.38,1,13,5,0.61,0.76,-1.21,0.63,-1.22,0,0.64,1,76.9,67.3,0.36,0.44,-0.35,147945,13025716,50,0
100,3.13,1,13,12,1.11,0.52,-0.44,0.17,-0.5,0,0.73,1,92.3,92.3,0.32,0.18,2.71,148597,13041142,10,80
357,3.13,1,13,12,1.11,1.34,0.73,1.13,0.55,0,0.12,1,76.9,92.3,0.32,0.29,2.71,143358,15454940,82,0
122,-2.59,1,13,1,1.06,1.18,0.52,3.6,1.6,0,-0.3,1,92.3,92.3,0.18,0.29,-2.15,143467,13132636,80,0
514,0.73,1,13,8,0.62,0.66,-1.54,0.56,-1.25,0,0.71,1,84.6,69.2,0.4,0.37,0.68,146208,17117763,80,0
514,-1.21,1,13,3,0.69,1.48,1.25,1.75,1.35,0,-0.25,1,69.2,77.2,0.29,0.48,-1.11,143617,17499712,10,82
99,3.13,1,13,12,1.11,0.52,-0.44,0.17,-0.5,0,0.73,1,92.3,92.3,0.32,0.18,2.71,144627,13037633,50,0
475,4.51,0,13,13,1.89,1,0,1,0,0,0,1,100,100,0,0,4.51,148705,16768930,20,0
506,1.61,1,13,10,0.72,0.99,0.1,1.12,0.44,0,0.29,1,84.6,80.6,0.41,0.38,1.5,150760,16941691,10,50
445,4.51,0,13,13,1.89,1,0,1,0,0,0,1,100,100,0,0,4.51,148686,16604792,82,0
169,3.13,1,13,12,1.11,0.52,-0.44,0.17,-0.5,0,0.73,1,92.3,92.3,0.32,0.18,2.71,145665,13834576,10,0
224,1.14,1,13,9,0.66,0.88,-0.36,0.68,-0.56,0,0.6,1,69.2,74.5,0.41,0.4,1.06,146327,14005298,82,60
387,1.14,1,13,9,0.66,0.97,-0.1,1.14,0.44,0,0.28,1,69.2,74.5,0.41,0.46,1.06,152014,16070291,10,60
306,2.21,1,13,11,0.84,1.34,0.73,1.13,0.44,0,0.16,1,92.3,86.3,0.38,0.3,2.02,147613,14781026,82,0
208,3.13,1,13,12,1.11,1.4,0.65,4.05,1.55,0,-0.3,1,92.3,92.3,0.32,0.29,2.71,151455,13985809,82,0
501,-3.89,-1,13,0,1.86,1,0,1,0,0,0,1,100,100,0,0,-3.89,148703,16858123,10,50
132,-3.89,-1,13,0,1.86,1,0,1,0,0,0,1,100,100,0,0,-3.89,150400,13176617,70,70
537,-3.89,-1,13,0,1.86,1,0,1,0,0,0,1,100,100,0,0,-3.89,144779,18536018,80,40
281,-3.89,-1,13,0,1.86,1,0,1,0,0,0,1,100,100,0,0,-3.89,145956,14649128,82,0
433,4.51,0,13,13,1.89,1,0,1,0,0,0,1,100,100,0,0,4.51,147907,16400844,82,0
57,3.13,1,13,12,1.11,0.52,-0.44,0.17,-0.47,0,0.73,1,92.3,92.3,0.32,0.18,2.71,144030,12338478,10,10
368,3.13,1,13,12,1.11,0.52,-0.44,0.17,-0.5,0,0.73,1,92.3,92.3,0.32,0.18,2.71,152097,15522687,50,50
30,-0.01,1,13,6,0.6,0.84,-0.35,0.78,-0.5,0,0.55,1,69.2,65.7,0.38,0.42,-0.01,147998,12271683,50,0
344,0.73,1,13,8,0.62,0.8,-1.21,0.69,-1.35,0,0.64,1,76.9,69.2,0.4,0.37,0.68,143901,15431673,82,0
261,1.61,1,13,10,0.72,0.81,-0.45,0.63,-0.7,0,0.59,1,84.6,80.6,0.41,0.36,1.5,151093,14355264,82,0
239,-1.76,1,13,2,0.8,1.44,1.25,2.66,1.54,0,-0.3,1,84.6,84.6,0.25,0.41,-1.57,151070,14014017,82,0
458,2.21,1,13,11,0.84,1.42,0.88,1.34,0.78,0,0.07,1,76.9,86.3,0.38,0.38,2.02,147613,16635043,82,0
429,4.51,0,13,13,1.89,1,0,1,0,0,0,1,100,100,0,0,4.51,146424,16400844,82,0
418,3.13,1,13,12,1.11,1.15,0.45,0.6,0.12,0,0.3,1,92.3,92.3,0.32,0.28,2.71,144462,16301897,82,0
294,2.21,1,13,11,0.84,1.26,0.57,1.04,0.29,0,0.3,1,92.3,86.3,0.38,0.3,2.02,146668,14748010,10,0
38,4.51,0,13,13,1.89,1,0,1,0,0,0,1,100,100,0,0,4.51,145775,12304697,80,0
215,2.21,1,13,11,0.84,0.73,-0.35,0.54,-0.39,0,0.63,1,92.3,86.3,0.38,0.28,2.02,151051,13964747,10,0
22,-0.77,1,13,4,0.64,1.31,0.92,1.24,0.73,0,0.29,1,53.8,71.3,0.33,0.49,-0.71,148298,12212873,10,10
372,1.61,1,13,10,0.72,0.66,-0.77,0.51,-0.89,0,0.72,1,84.6,80.6,0.41,0.31,1.5,144282,15598780,10,50
148,4.51,0,13,13,1.89,1,0,1,0,0,0,1,100,100,0,0,4.51,147905,13235974,82,0
162,4.51,0,13,13,1.89,1,0,1,0,0,0,1,100,100,0,0,4.51,147039,13788701,90,50
550,1.61,1,13,10,0.72,0.99,0.12,1.19,0.56,0,0.38,1,84.6,80.6,0.41,0.37,1.5,144127,18874398,90,0
113,-3.89,-1,13,0,1.86,1,0,1,0,0,0,1,100,100,0,0,-3.89,146799,13119095,82,80
264,1.61,1,13,10,0.72,0.66,-0.77,0.5,-0.86,0,0.71,1,84.6,80.6,0.41,0.31,1.5,145790,14591367,82,0
18,-0.38,1,13,5,0.61,0.97,0.09,0.9,-0.17,0,0.45,1,69.2,67.3,0.36,0.44,-0.35,143210,12192406,80,0
543,4.51,0,13,13,1.89,1,0,1,0,0,0,1,100,100,0,0,4.51,144798,18693504,60,0
196,4.51,0,13,13,1.89,1,0,1,0,0,0,1,100,100,0,0,4.51,145783,13930796,10,0
390,2.21,1,13,11,0.84,0.73,-0.35,0.54,-0.39,0,0.63,1,92.3,86.3,0.38,0.28,2.02,152545,16050754,50,0
436,3.13,1,13,12,1.11,0.52,-0.44,0.17,-0.5,0,0.73,1,92.3,92.3,0.32,0.18,2.71,148723,16394224,82,0
72,3.13,1,13,12,1.11,0.52,-0.44,0.17,-0.5,0,0.73,1,92.3,92.3,0.32,0.18,2.71,149141,12958018,80,0
281,-1.76,1,13,2,0.8,0.95,0.12,0.82,0,0,0.37,1,84.6,84.6,0.25,0.38,-1.57,144421,14647443,82,0
82,0.73,1,13,8,0.62,0.84,-0.72,0.68,-0.76,0,0.6,1,61.5,69.2,0.4,0.42,0.68,143758,13009133,10,0
467,4.51,0,13,13,1.89,1,0,1,0,0,0,1,100,100,0,0,4.51,143833,16691385,80,0
471,4.51,0,13,13,1.89,1,0,1,0,0,0,1,100,100,0,0,4.51,143833,16725875,80,0
484,1.14,1,13,9,0.66,0.72,-1.08,0.54,-0.93,0,0.68,1,84.6,74.5,0.41,0.34,1.06,149499,16847466,10,0
479,1.14,1,13,9,0.66,1.15,0.45,1.24,0.73,0,0.23,1,69.2,74.5,0.41,0.38,1.06,148701,16822110,10,0
99,-1.76,1,13,2,0.8,1.35,0.72,2.66,1.75,0,-0.3,1,84.6,84.6,0.25,0.4,-1.57,145987,13041142,10,50
179,0.73,1,13,8,0.62,1.54,1.48,1.39,1.03,0,0.02,1,46.2,69.2,0.4,0.5,0.68,151046,13849123,10,50
367,3.13,1,13,12,1.11,1.34,0.7,1.4,0.76,0,-0.02,1,92.3,92.3,0.32,0.29,2.71,144987,15494209,82,0
2,0.73,1,13,8,0.62,0.77,-0.79,0.64,-0.89,0,0.63,1,69.2,69.2,0.4,0.38,0.68,147945,11552247,80,0
355,4.51,0,13,13,1.89,1,0,1,0,0,0,1,100,100,0,0,4.51,147136,15473848,82,0
513,2.21,1,13,11,0.84,0.73,-0.35,0.54,-0.39,0,0.63,1,92.3,86.3,0.38,0.28,2.02,143944,17044936,82,60
439,-0.77,1,13,4,0.64,1.54,1.42,1.75,1.74,0,-0.28,1,46.2,71.3,0.33,0.49,-0.71,149105,16604598,80,0
261,1.14,1,13,9,0.66,0.67,-0.86,0.5,-1.13,0,0.73,1,84.6,74.5,0.41,0.31,1.06,145565,14436361,82,0
387,3.13,1,13,12,1.11,0.52,-0.44,0.17,-0.5,0,0.73,1,92.3,92.3,0.32,0.18,2.71,152480,16050754,10,0
13,-0.77,1,13,4,0.64,1.25,0.98,1.62,0.9,0,-0.14,1,53.8,71.3,0.33,0.49,-0.71,148298,12001686,10,0
323,-0.01,1,13,6,0.6,0.97,-0.18,0.88,-0.11,0,0.42,1,69.2,65.7,0.38,0.44,-0.01,151557,15164845,80,50
388,4.51,0,13,13,1.89,1,0,1,0,0,0,1,100,100,0,0,4.51,144715,16084101,10,0
369,1.61,1,13,10,0.72,0.84,-0.28,0.7,-0.49,0,0.55,1,84.6,80.6,0.41,0.34,1.5,144665,15515524,10,0
122,-2.59,1,13,1,1.06,1.18,0.52,3.6,1.6,0,-0.34,1,92.3,92.3,0.18,0.29,-2.15,148456,13119095,82,0
459,2.21,1,13,11,0.84,0.73,-0.35,0.54,-0.39,0,0.63,1,92.3,86.3,0.38,0.28,2.02,148694,16635043,90,0
449,-3.89,-1,13,0,1.86,1,0,1,0,0,0,1,100,100,0,0,-3.89,145368,16544676,82,0
203,2.21,1,13,11,0.84,0.85,-0.11,0.98,0.25,0,0.47,1,92.3,86.3,0.38,0.29,2.02,147574,13956485,74,50
301,0.35,1,13,7,0.61,0.7,-1.48,0.69,-1.22,0,0.68,1,84.6,66.7,0.39,0.36,0.33,151087,14739232,82,90
518,-1.21,1,13,3,0.69,0.88,-0.36,0.78,-0.44,0,0.55,1,84.6,77.2,0.29,0.38,-1.11,145550,17111048,80,50
31,-0.01,1,13,6,0.6,0.84,-0.49,0.78,-0.65,0,0.55,1,69.2,65.7,0.38,0.43,-0.01,144633,12250449,10,0
487,3.13,1,13,12,1.11,0.52,-0.44,0.17,-0.5,0,0.73,1,92.3,92.3,0.32,0.18,2.71,148715,16840453,50,0
248,1.61,1,13,10,0.72,0.78,-0.34,0.59,-0.57,0,0.64,1,84.6,80.6,0.41,0.34,1.5,151080,14241951,80,0
313,-1.21,1,13,3,0.69,0.71,-0.8,0.6,-0.56,0,0.55,1,84.6,77.2,0.29,0.36,-1.11,143580,14836327,82,50
411,3.13,1,13,12,1.11,0.52,-0.44,0.17,-0.5,0,0.73,1,92.3,92.3,0.32,0.18,2.71,143748,16277864,10,0
424,3.13,1,13,12,1.11,0.52,-0.44,0.17,-0.5,0,0.73,1,92.3,92.3,0.32,0.18,2.71,147909,16315464,50,0
242,2.21,1,13,11,0.84,0.73,-0.35,0.54,-0.39,0,0.63,1,92.3,86.3,0.38,0.28,2.02,142977,14025337,82,0
194,2.21,1,13,11,0.84,0.73,-0.35,0.54,-0.37,0,0.63,1,92.3,86.3,0.38,0.28,2.02,151068,13902172,82,0
329,-0.01,1,13,6,0.6,0.62,-1.31,0.6,-1.22,0,0.76,1,76.9,65.7,0.38,0.44,-0.01,143330,15277801,82,0
448,-0.01,1,13,6,0.6,0.84,-0.62,0.83,-0.63,0,0.51,1,84.6,65.7,0.38,0.41,-0.01,148721,16469518,82,0
75,3.13,1,13,12,1.11,0.52,-0.44,0.17,-0.5,0,0.73,1,92.3,92.3,0.32,0.18,2.71,143130,12961531,82,0
37,-0.38,1,13,5,0.61,1.65,1.89,1.78,3.69,0,-0.28,1,46.2,67.3,0.36,0.55,-0.35,150529,12290408,80,0
385,4.51,0,13,13,1.89,1,0,1,0,0,0,1,100,100,0,0,4.51,152353,16049489,80,0
300,0.73,1,13,8,0.62,0.69,-1.31,0.59,-1.22,0,0.71,1,84.6,69.2,0.4,0.38,0.68,143954,14763028,82,0
306,3.13,1,13,12,1.11,0.52,-0.44,0.17,-0.5,0,0.73,1,92.3,92.3,0.32,0.18,2.71,151582,14808641,82,0
274,-0.38,1,13,5,0.61,1.18,0.83,0.95,0.17,0,0.24,1,61.5,67.3,0.36,0.49,-0.35,152323,14644258,82,80
244,-1.76,1,13,2,0.8,1.31,0.73,1.32,0.6,0,0.03,1,84.6,84.6,0.25,0.4,-1.57,150594,14040336,82,0
164,2.21,1,13,11,0.84,0.73,-0.35,0.54,-0.37,0,0.63,1,92.3,86.3,0.38,0.28,2.02,144221,13797646,82,0
184,-0.01,1,13,6,0.6,1.3,1.05,1.16,0.63,0,0.2,1,53.8,65.7,0.38,0.51,-0.01,145998,13887947,82,0
270,1.14,1,13,9,0.66,0.64,-1.21,0.52,-1.25,0,0.76,1,84.6,74.5,0.41,0.34,1.06,151498,14639432,10,0
126,-3.89,-1,13,0,1.86,1,0,1,0,0,0,1,100,100,0,0,-3.89,144316,13176617,70,70
185,2.21,1,13,11,0.84,0.7,-0.41,0.5,-0.48,0,0.65,1,92.3,86.3,0.38,0.28,2.02,151020,13868756,80,0
583,3.13,1,13,12,1.11,0.52,-0.44,0.17,-0.5,0,0.73,1,92.3,92.3,0.32,0.18,2.71,143786,19958862,82,0
81,-1.21,1,13,3,0.69,1.42,1.11,1.25,0.74,0,0.09,1,69.2,77.2,0.29,0.5,-1.11,144113,13009478,10,50
117,-1.21,1,13,3,0.69,1.25,0.92,1.32,0.66,0,-0.07,1,69.2,77.2,0.29,0.45,-1.11,148572,13136097,90,0
195,3.13,1,13,12,1.11,0.52,-0.44,0.17,-0.5,0,0.73,1,92.3,92.3,0.32,0.18,2.71,147287,13909371,10,50
183,-0.01,1,13,6,0.6,1.4,1.83,1.42,1.31,0,-0.04,1,53.8,65.7,0.38,0.55,-0.01,150509,13891286,50,0
257,0.35,1,13,7,0.61,1.17,0.83,1.13,0.44,0,0.23,1,61.5,66.7,0.39,0.49,0.33,151171,14541203,0,0
287,2.21,1,13,11,0.84,1.26,0.6,0.93,0.17,0,0.3,1,92.3,86.3,0.38,0.3,2.02,152323,14705133,82,50
536,-0.38,1,13,5,0.61,1.4,1.33,1.49,1.22,0,-0.06,1,46.2,67.3,0.36,0.49,-0.35,148193,18383149,10,82
249,0.73,1,13,8,0.62,1,0.08,0.85,-0.18,0,0.33,1,53.8,69.2,0.4,0.45,0.68,143140,14055333,82,0
120,2.21,1,13,11,0.84,0.74,-0.35,0.54,-0.39,0,0.63,1,92.3,86.3,0.38,0.28,2.02,148448,13119095,10,50
358,0.73,1,13,8,0.62,0.69,-1.31,0.53,-1.55,0,0.73,1,84.6,69.2,0.4,0.38,0.68,152543,15456404,10,80
518,2.21,1,13,11,0.84,0.73,-0.35,0.54,-0.39,0,0.63,1,92.3,86.3,0.38,0.28,2.02,145611,17159083,82,0
146,2.21,1,13,11,0.84,1.42,0.88,1.34,0.76,0,0.32,1,76.9,86.3,0.38,0.45,2.02,150594,13238884,80,0
517,0.73,1,13,8,0.62,0.86,-0.62,0.69,-0.39,0,0.55,1,69.2,69.2,0.4,0.38,0.68,143901,17030803,10,0
179,4.51,0,13,13,1.89,1,0,1,0,0,0,1,100,100,0,0,4.51,145783,13862766,10,40
45,3.13,1,13,12,1.11,1.27,0.57,1.04,0.21,0,0.3,1,92.3,92.3,0.32,0.27,2.71,145775,12288780,10,0
474,2.21,1,13,11,0.84,0.73,-0.35,0.54,-0.39,0,0.63,1,92.3,86.3,0.38,0.28,2.02,150669,16736915,90,50
103,3.13,1,13,12,1.11,0.52,-0.44,0.17,-0.5,0,0.73,1,92.3,92.3,0.32,0.18,2.71,145916,13061976,82,0
513,4.51,0,13,13,1.89,1,0,1,0,0,0,1,100,100,0,0,4.51,148725,17121760,10,0
87,-0.77,1,13,4,0.64,0.85,-0.21,0.78,-0.24,0,0.45,1,84.6,71.3,0.33,0.42,-0.71,145563,13005545,10,0
59,-0.01,1,13,6,0.6,1.13,0.56,1.02,0.17,0,0.33,1,69.2,65.7,0.38,0.46,-0.01,145536,12456926,10,50
349,-3.89,-1,13,0,1.86,1,0,0.6,0.07,0,0,1,100,100,0,0,-3.89,144887,15438503,10,70
249,1.14,1,13,9,0.66,0.94,0.08,0.82,-0.17,0,0.49,1,69.2,74.5,0.41,0.41,1.06,143476,14054337,82,80
402,-0.77,1,13,4,0.64,1.54,1.89,1.73,1.56,0,-0.24,1,46.2,71.3,0.33,0.54,-0.71,143387,16177347,82,0
446,-0.01,1,13,6,0.6,1.2,1.17,1.16,0.63,0,0.14,1,38.5,65.7,0.38,0.51,-0.01,150746,16495152,10,50
165,3.13,1,13,12,1.11,0.52,-0.44,0.17,-0.5,0,0.73,1,92.3,92.3,0.32,0.18,2.71,143324,13800639,10,0
339,0.73,1,13,8,0.62,1.14,0.45,1.47,1.31,0,0,1,69.2,69.2,0.4,0.39,0.68,152535,15407268,82,80
544,-1.76,1,13,2,0.8,1.39,0.85,2.52,1.35,0,-0.3,1,84.6,84.6,0.25,0.41,-1.57,146323,18734995,10,50
230,0.73,1,13,8,0.62,1.26,1.38,1.23,0.63,0,0.18,1,46.2,69.2,0.4,0.5,0.68,148289,14004348,10,50
433,4.51,0,13,13,1.89,1,0,1,0,0,0,1,100,100,0,0,4.51,148614,16362063,10,50
467,4.51,0,13,13,1.89,1,0,1,0,0,0,1,100,100,0,0,4.51,144618,16731867,50,0
131,-3.89,-1,13,0,1.86,1,0,1,0,0,0,1,100,100,0,0,-3.89,150683,13177893,80,82
371,3.13,1,13,12,1.11,1.15,0.65,1,0.12,0,0.23,1,92.3,92.3,0.32,0.27,2.71,152353,15579921,82,0
207,4.51,0,13,13,1.89,1,0,1,0,0,0,1,100,100,0,0,4.51,145803,13985809,82,80
30,0.35,1,13,7,0.61,1.05,0.18,1.02,0.14,0,0.33,1,61.5,66.7,0.39,0.46,0.33,152250,12233056,0,0
115,-3.89,-1,13,0,1.86,1,0,1,0,0,0,1,100,100,0,0,-3.89,144163,13100866,70,70
210,2.21,1,13,11,0.84,0.73,-0.35,0.54,-0.39,0,0.63,1,92.3,86.3,0.38,0.28,2.02,151068,13969099,50,80
259,-3.89,-1,13,0,1.86,1,0,1,0,0,0,1,100,100,0,0,-3.89,147178,14541211,82,0
514,-0.01,1,13,6,0.6,1.38,1.83,1.8,2.22,0,-0.28,1,53.8,65.7,0.38,0.54,-0.01,149105,17156637,80,50
125,-3.89,-1,13,0,1.86,1,0,1,0,0,0,1,100,100,0,0,-3.89,143061,13152645,82,0
74,-3.89,-1,13,0,1.86,1,0,1,0,0,0,1,100,100,0,0,-3.89,145536,12958565,10,40
500,-0.01,1,13,6,0.6,1.4,1.18,1.41,1.18,0,-0.04,1,38.5,65.7,0.38,0.49,-0.01,148675,16858123,10,80
50,2.21,1,13,11,0.84,0.74,-0.35,0.54,-0.39,0,0.62,1,92.3,86.3,0.38,0.28,2.02,149099,12328901,82,0
155,2.21,1,13,11,0.84,0.79,-0.01,0.98,-0.16,0,0.46,1,92.3,86.3,0.38,0.3,2.02,150758,13276824,10,0
535,-3.89,-1,13,0,1.86,1,0,1,0,0,0,1,100,100,0,0,-3.89,148040,18498663,80,50
92,0.35,1,13,7,0.61,1.17,0.83,1.1,0.41,0,0.23,1,46.2,66.7,0.39,0.49,0.33,148509,13027212,80,80
384,4.51,0,13,13,1.89,1,0,1,0,0,0,1,100,100,0,0,4.51,152353,16084101,10,50
410,2.21,1,13,11,0.84,0.73,-0.35,0.54,-0.39,0,0.63,1,92.3,86.3,0.38,0.28,2.02,148185,16279689,82,0
47,-3.89,-1,13,0,1.86,1,0,1,0,0,0,1,100,100,0,0,-3.89,145536,12310131,10,0
232,4.51,0,13,13,1.89,1,0,1,0,0,0,1,100,100,0,0,4.51,142929,14003880,82,0
267,0.73,1,13,8,0.62,1.14,0.45,1.06,0.23,0,0.3,1,53.8,69.2,0.4,0.47,0.68,149864,14591367,0,0
130,-3.89,-1,13,0,1.86,1,0,1,0,0,0,1,100,100,0,0,-3.89,149762,13168487,10,40
509,4.51,0,13,13,1.89,1,0,1,0,0,0,1,100,100,0,0,4.51,147902,16943139,82,0
564,1.14,1,13,9,0.66,0.72,-1.21,0.6,-1.22,0,0.68,1,69.2,74.5,0.41,0.39,1.06,148717,19572026,10,0
166,3.13,1,13,12,1.11,0.52,-0.44,0.17,-0.5,0,0.73,1,92.3,92.3,0.32,0.18,2.71,146249,13840266,82,0
401,0.35,1,13,7,0.61,0.84,-0.76,0.83,-0.78,0,0.51,1,84.6,66.7,0.39,0.42,0.33,151479,16193296,82,0
5,4.51,0,13,13,1.89,1,0,1,0,0,0,1,100,100,0,0,4.51,143858,11498951,10,20
484,2.21,1,13,11,0.84,0.73,-0.35,0.54,-0.39,0,0.63,1,92.3,86.3,0.38,0.28,2.02,150669,16847466,90,50
339,-3.89,-1,13,0,1.86,1,0,1,0,0,0,1,100,100,0,0,-3.89,145267,15402606,10,0
156,3.13,1,13,12,1.11,0.52,-0.44,0.17,-0.5,0,0.73,1,92.3,92.3,0.32,0.18,2.71,145665,13608991,50,0
564,4.51,0,13,13,1.89,1,0,1,0,0,0,1,100,100,0,0,4.51,143050,19699107,82,0
111,2.21,1,13,11,0.84,0.73,-0.35,0.54,-0.39,0,0.63,1,92.3,86.3,0.38,0.28,2.02,144221,13087150,82,0
274,-0.38,1,13,5,0.61,1.45,1.95,1.71,3.69,0,-0.22,1,53.8,67.3,0.36,0.54,-0.35,149105,14628899,82,0
147,2.21,1,13,11,0.84,0.7,-0.41,0.5,-0.48,0,0.65,1,92.3,86.3,0.38,0.28,2.02,143324,13238868,10,0
55,2.21,1,13,11,0.84,0.73,-0.35,0.54,-0.39,0,0.63,1,92.3,86.3,0.38,0.28,2.02,143159,12348856,70,0
202,4.51,0,13,13,1.89,1,0,1,0,0,0,1,100,100,0,0,4.51,145783,13940139,90,80
189,2.21,1,13,11,0.84,0.58,-0.7,0.35,-0.73,0,0.76,1,92.3,86.3,0.38,0.25,2.02,144083,13914235,82,0
91,-1.21,1,13,3,0.69,0.76,-0.66,0.59,-0.43,0,0.55,1,84.6,77.2,0.29,0.34,-1.11,152149,13021427,82,0
398,3.13,1,13,12,1.11,0.52,-0.44,0.17,-0.5,0,0.73,1,92.3,92.3,0.32,0.18,2.71,146854,16177347,60,10
292,3.13,1,13,12,1.11,0.52,-0.44,0.17,-0.5,0,0.73,1,92.3,92.3,0.32,0.18,2.71,150121,14739232,0,0
355,0.73,1,13,8,0.62,0.69,-1.54,0.56,-1.25,0,0.72,1,84.6,69.2,0.4,0.36,0.68,152022,15466868,10,0
46,-3.89,-1,13,0,1.86,1,0,1,0,0,0,1,100,100,0,0,-3.89,143849,12290408,10,40
489,4.51,0,13,13,1.89,1,0,1,0,0,0,1,100,100,0,0,4.51,148705,16847466,90,50
534,4.51,0,13,13,1.89,1,0,1,0,0,0,1,100,100,0,0,4.51,147184,18523609,90,0
318,4.51,0,13,13,1.89,1,0,1,0,0,0,1,100,100,0,0,4.51,145267,14836327,10,50
221,2.21,1,13,11,0.84,0.79,-0.23,0.71,-0.16,0,0.56,1,92.3,86.3,0.38,0.3,2.02,142934,14005298,80,0
35,2.21,1,13,11,0.84,0.73,-0.35,0.54,-0.37,0,0.63,1,92.3,86.3,0.38,0.28,2.02,144117,12300268,10,0
351,4.51,0,13,13,1.89,1,0,1,0,0,0,1,100,100,0,0,4.51,145743,15486842,80,50
134,3.13,1,13,12,1.11,0.52,-0.44,0.17,-0.5,0,0.73,1,92.3,92.3,0.32,0.18,2.71,145916,13195484,10,0
19,-0.38,1,13,5,0.61,1.31,0.95,0.95,0.41,0,0.25,1,53.8,67.3,0.36,0.49,-0.35,145411,12074187,10,10
360,3.13,1,13,12,1.11,0.52,-0.44,0.17,-0.66,0,0.73,1,92.3,92.3,0.32,0.18,2.71,152097,15456404,50,0
549,0.35,1,13,7,0.61,0.94,-0.17,0.87,-0.33,0,0.46,1,61.5,66.7,0.39,0.46,0.33,144457,19120311,10,0
230,-2.59,1,13,1,1.06,0.94,0.2,0.92,0,0,0.41,1,92.3,92.3,0.18,0.28,-2.15,144599,14003635,10,0
577,-0.77,1,13,4,0.64,1.04,0.29,0.96,0.12,0,0.36,1,84.6,71.3,0.33,0.43,-0.71,150013,20446039,82,0
504,1.61,1,13,10,0.72,1.19,0.6,0.93,0.07,0,0.24,1,84.6,80.6,0.41,0.39,1.5,148703,16976207,10,50
323,1.61,1,13,10,0.72,0.66,-0.8,0.5,-0.89,0,0.73,1,84.6,80.6,0.41,0.31,1.5,145647,15158713,10,50
250,1.61,1,13,10,0.72,0.81,-0.45,0.63,-0.7,0,0.61,1,84.6,80.6,0.41,0.36,1.5,142970,14062054,82,0
536,-3.89,-1,13,0,1.86,1,0,1,0,0,0,1,100,100,0,0,-3.89,148320,18486258,80,50
10,3.13,1,13,12,1.11,0.52,-0.44,0.17,-0.5,0,0.73,1,92.3,92.3,0.32,0.18,2.71,144537,11933844,80,50
53,4.51,0,13,13,1.89,1,0,1,0,0,0,1,100,100,0,0,4.51,143128,12328901,70,0
217,3.13,1,13,12,1.11,1.4,0.71,2.64,1.08,0,-0.06,1,92.3,92.3,0.32,0.3,2.71,150552,13969099,50,0
329,-0.01,1,13,6,0.6,0.62,-1.54,0.56,-1.22,0,0.76,1,84.6,65.7,0.38,0.37,-0.01,146441,15277801,10,0
113,-2.59,1,13,1,1.06,1.18,0.49,3.6,1.6,0,-0.3,1,92.3,92.3,0.18,0.27,-2.15,143829,13093541,82,80
568,3.13,1,13,12,1.11,0.52,-0.44,0.17,-0.5,0,0.73,1,92.3,92.3,0.32,0.18,2.71,143806,19493584,80,0
543,1.14,1,13,9,0.66,0.66,-0.86,0.5,-0.96,0,0.73,1,100,74.5,0.41,0.31,1.06,149454,18693504,10,0
411,2.21,1,13,11,0.84,0.73,-0.35,0.54,-0.39,0,0.63,1,92.3,86.3,0.38,0.28,2.02,144555,16249127,10,50
171,3.13,1,13,12,1.11,0.52,-0.44,0.17,-0.5,0,0.73,1,92.3,92.3,0.32,0.18,2.71,150589,13840266,10,50
152,3.13,1,13,12,1.11,0.52,-0.44,0.17,-0.5,0,0.73,1,92.3,92.3,0.32,0.18,2.71,145665,13276824,82,0
144,3.13,1,13,12,1.11,0.52,-0.44,0.17,-0.5,0,0.73,1,92.3,92.3,0.32,0.18,2.71,149235,13242334,10,70
348,4.51,0,13,13,1.89,1,0,1,0,0,0,1,100,100,0,0,4.51,151591,15437841,82,0
211,-3.89,-1,13,0,1.86,1,0,1,0,0,0,1,100,100,0,0,-3.89,144601,13985876,10,0
438,2.21,1,13,11,0.84,0.7,-0.41,0.5,-0.48,0,0.65,1,92.3,86.3,0.38,0.28,2.02,146203,16393422,80,0
163,4.51,0,13,13,1.89,1,0,1,0,0,0,1,100,100,0,0,4.51,149879,13788701,10,50
528,-3.89,-1,13,0,1.86,1,0,1,0,0,0,1,100,100,0,0,-3.89,148059,17916380,82,0
120,2.21,1,13,11,0.84,0.74,-0.34,0.54,-0.39,0,0.63,1,92.3,86.3,0.38,0.28,2.02,146940,13111841,70,50
276,1.61,1,13,10,0.72,0.81,-0.35,0.71,-0.57,0,0.56,1,84.6,80.6,0.41,0.38,1.5,151205,14628899,10,50
144,3.13,1,13,12,1.11,0.52,-0.44,0.17,-0.5,0,0.73,1,92.3,92.3,0.32,0.18,2.71,145916,13238884,10,0
312,3.13,1,13,12,1.11,0.52,-0.44,0.17,-0.5,0,0.73,1,92.3,92.3,0.32,0.18,2.71,145647,14805413,10,50
427,-3.89,-1,13,0,1.86,1,0,1,0,0,0,1,100,100,0,0,-3.89,143639,16431227,10,0
423,3.13,1,13,12,1.11,0.52,-0.44,0.17,-0.5,0,0.73,1,92.3,92.3,0.32,0.18,2.71,145501,16311825,10,0
444,4.51,0,13,13,1.89,1,0,1,0,0,0,1,100,100,0,0,4.51,146661,16498453,82,0
251,1.14,1,13,9,0.66,0.67,-1.08,0.52,-0.94,0,0.72,1,84.6,74.5,0.41,0.34,1.06,142970,14204029,82,0
150,4.51,0,13,13,1.89,1,0,1,0,0,0,1,100,100,0,0,4.51,149879,13236156,10,70
483,1.61,1,13,10,0.72,0.98,0.2,0.96,0.11,0,0.45,1,84.6,80.6,0.41,0.35,1.5,148703,16822110,10,60
503,-0.77,1,13,4,0.64,1.39,1.11,1.57,0.87,0,-0.06,1,38.5,71.3,0.33,0.49,-0.71,148428,16861574,10,50
257,0.35,1,13,7,0.61,1.3,1.04,1.19,0.56,0,0.14,1,53.8,66.7,0.39,0.51,0.33,150509,14541211,10,80
93,0.35,1,13,7,0.61,1.25,1.05,1.23,0.74,0,0.14,1,53.8,66.7,0.39,0.52,0.33,145548,13021427,10,0
315,-3.89,-1,13,0,1.86,1,0,1,0,0,0,1,100,100,0,0,-3.89,144978,14836327,10,0
111,-3.89,-1,13,0,1.86,1,0,1,0,0,0,1,100,100,0,0,-3.89,146799,13087150,74,82
359,0.73,1,13,8,0.62,0.78,-0.93,0.65,-0.94,0,0.63,1,69.2,69.2,0.4,0.38,0.68,146345,15454940,10,80
138,3.13,1,13,12,1.11,1.3,0.6,0.93,0.49,0,0.1,1,92.3,92.3,0.32,0.28,2.71,148101,13212893,0,0
76,-1.76,1,13,2,0.8,1.35,0.72,2.66,1.55,0,-0.34,1,84.6,84.6,0.25,0.4,-1.57,149167,12961531,80,0
464,4.51,0,13,13,1.89,1,0,1,0,0,0,1,100,100,0,0,4.51,147216,16731786,90,0
358,-0.01,1,13,6,0.6,0.84,-0.8,0.79,-0.43,0,0.52,1,76.9,65.7,0.38,0.42,-0.01,148754,15447219,82,0
529,4.51,0,13,13,1.89,1,0,1,0,0,0,1,100,100,0,0,4.51,148819,18023924,10,0
582,4.51,0,13,13,1.89,1,0,1,0,0,0,1,100,100,0,0,4.51,147212,20446039,80,0
193,4.51,0,13,13,1.89,1,0,1,0,0,0,1,100,100,0,0,4.51,146229,13908081,80,0
86,-0.77,1,13,4,0.64,1.15,0.54,1.47,0.94,0,-0.04,1,61.5,71.3,0.33,0.48,-0.71,149188,13009133,0,0
163,3.13,1,13,12,1.11,0.52,-0.44,0.17,-0.5,0,0.73,1,92.3,92.3,0.32,0.18,2.71,146416,13778544,10,50
257,0.73,1,13,8,0.62,1.35,1.17,1.14,0.44,0,0.2,1,46.2,69.2,0.4,0.51,0.68,149864,14541203,10,50
252,2.21,1,13,11,0.84,0.58,-0.7,0.35,-0.87,0,0.76,1,92.3,86.3,0.38,0.25,2.02,143125,14054043,82,0
141,3.13,1,13,12,1.11,1.27,0.6,0.94,0.41,0,0.16,1,92.3,92.3,0.32,0.27,2.71,151586,13200917,82,0
488,2.21,1,13,11,0.84,1.42,0.85,1.14,0.44,0,0.1,1,76.9,86.3,0.38,0.38,2.02,151636,16852745,10,50
285,3.13,1,13,12,1.11,0.52,-0.44,0.17,-0.5,0,0.73,1,92.3,92.3,0.32,0.18,2.71,145702,14697122,82,0
352,-3.89,-1,13,0,1.86,1,0,1,0,0,0,1,100,100,0,0,-3.89,143512,15486842,0,0
524,1.61,1,13,10,0.72,0.92,-0.1,1,-0.31,0,0.46,1,84.6,80.6,0.41,0.37,1.5,149385,17242258,82,80
4,3.13,1,13,12,1.11,0.52,-0.44,0.17,-0.5,0,0.73,1,92.3,92.3,0.32,0.18,2.71,151718,11482591,10,40
294,3.13,1,13,12,1.11,0.52,-0.44,0.17,-0.5,0,0.73,1,92.3,92.3,0.32,0.18,2.71,144291,14737523,80,10
546,2.21,1,13,11,0.84,0.73,-0.35,0.54,-0.39,0,0.63,1,92.3,86.3,0.38,0.28,2.02,143237,18693504,60,0
21,-0.38,1,13,5,0.61,1.55,2.04,2,2.22,0,-0.3,1,53.8,67.3,0.36,0.55,-0.35,152216,12257192,82,80
311,3.13,1,13,12,1.11,0.52,-0.44,0.17,-0.5,0,0.73,1,92.3,92.3,0.32,0.18,2.71,151582,14793318,90,0
467,4.51,0,13,13,1.89,1,0,1,0,0,0,1,100,100,0,0,4.51,148699,16711971,20,0
199,-1.76,1,13,2,0.8,1.4,0.85,2.33,1.18,0,-0.18,1,69.2,84.6,0.25,0.46,-1.57,150742,13956604,82,0
334,1.61,1,13,10,0.72,0.81,-0.34,0.69,-0.44,0,0.55,1,84.6,80.6,0.41,0.37,1.5,148736,15402606,80,0
86,0.35,1,13,7,0.61,1.09,0.65,1.02,0.17,0,0.2,1,69.2,66.7,0.39,0.38,0.33,144984,13009133,10,50
120,-1.76,1,13,2,0.8,1.35,0.72,2.66,1.55,0,-0.34,1,84.6,84.6,0.25,0.4,-1.57,143677,13093541,10,0
515,-1.21,1,13,3,0.69,1.48,1.18,2.01,1.35,0,-0.36,1,69.2,77.2,0.29,0.48,-1.11,143617,17544262,80,0
57,-3.89,-1,13,0,1.86,1,0,1,0,0,0,1,100,100,0,0,-3.89,143849,12328901,70,70
551,0.35,1,13,7,0.61,1.41,1.83,1.53,1.03,0,-0.1,1,46.2,66.7,0.39,0.54,0.33,146576,19120354,60,0
252,0.73,1,13,8,0.62,1.35,1.05,1.34,1.31,0,0.03,1,46.2,69.2,0.4,0.5,0.68,150549,14204029,82,0
249,1.14,1,13,9,0.66,0.72,-1.14,0.6,-0.93,0,0.68,1,84.6,74.5,0.41,0.36,1.06,142970,14062933,82,0
492,2.21,1,13,11,0.84,0.58,-0.7,0.35,-0.78,0,0.74,1,92.3,86.3,0.38,0.25,2.02,148681,16852745,10,0
169,1.61,1,13,10,0.72,0.98,0.2,1.04,0,0,0.44,1,84.6,80.6,0.41,0.38,1.5,144623,13837990,82,50
115,4.51,0,13,13,1.89,1,0,1,0,0,0,1,100,100,0,0,4.51,145251,13132474,82,0
517,0.73,1,13,8,0.62,0.72,-0.9,0.65,-1.13,0,0.68,1,84.6,69.2,0.4,0.36,0.68,145563,17544262,82,0
247,0.73,1,13,8,0.62,1.12,0.45,1.22,0.73,0,0.23,1,69.2,69.2,0.4,0.39,0.68,150591,14055333,10,0
502,3.13,1,13,12,1.11,0.52,-0.44,0.17,-0.5,0,0.73,1,92.3,92.3,0.32,0.18,2.71,148742,16861574,10,80
570,0.35,1,13,7,0.61,1.14,0.55,1.06,0.22,0,0.36,1,53.8,66.7,0.39,0.48,0.33,150081,19771843,10,0
391,3.13,1,13,12,1.11,0.52,-0.44,0.17,-0.5,0,0.73,1,92.3,92.3,0.32,0.18,2.71,144541,15753891,10,0
248,0.35,1,13,7,0.61,0.7,-2.04,0.65,-1.36,0,0.68,1,69.2,66.7,0.39,0.39,0.33,143033,14241951,82,90
200,1.61,1,13,10,0.72,0.97,0.1,1.01,0.11,0,0.44,1,84.6,80.6,0.41,0.35,1.5,145956,13941976,70,0
403,1.61,1,13,10,0.72,0.67,-0.77,0.5,-0.89,0,0.73,1,84.6,80.6,0.41,0.31,1.5,145969,16218078,10,0
162,2.21,1,13,11,0.84,0.73,-0.35,0.56,-0.39,0,0.62,1,92.3,86.3,0.38,0.28,2.02,149099,13800639,10,0
146,3.13,1,13,12,1.11,0.52,-0.44,0.17,-0.5,0,0.73,1,92.3,92.3,0.32,0.18,2.71,149795,13242334,10,80
361,3.13,1,13,12,1.11,1.15,0.44,1,0.2,0,0.3,1,92.3,92.3,0.32,0.28,2.71,143332,15454940,82,0
433,3.13,1,13,12,1.11,0.52,-0.44,0.17,-0.5,0,0.73,1,92.3,92.3,0.32,0.18,2.71,148681,16362063,10,50
306,3.13,1,13,12,1.11,0.52,-0.44,0.17,-0.5,0,0.73,1,92.3,92.3,0.32,0.18,2.71,151540,14808641,60,80
107,-0.01,1,13,6,0.6,1.2,1.05,1.17,0.63,0,0.18,1,38.5,65.7,0.38,0.51,-0.01,145548,13084305,70,0
510,4.51,0,13,13,1.89,1,0,1,0,0,0,1,100,100,0,0,4.51,149399,16971647,10,0
442,4.51,0,13,13,1.89,1,0,1,0,0,0,1,100,100,0,0,4.51,147216,16477073,82,0
402,-0.77,1,13,4,0.64,0.99,0.09,0.89,0,0,0.37,1,84.6,71.3,0.33,0.42,-0.71,144887,16140079,10,0
251,1.14,1,13,9,0.66,0.67,-0.86,0.51,-0.94,0,0.73,1,84.6,74.5,0.41,0.31,1.06,145790,14062933,82,0
344,0.73,1,13,8,0.62,0.78,-1.21,0.64,-1.45,0,0.64,1,69.2,69.2,0.4,0.38,0.68,152497,15440516,10,0
215,3.13,1,13,12,1.11,0.52,-0.44,0.17,-0.5,0,0.73,1,92.3,92.3,0.32,0.18,2.71,147287,13965794,82,0
316,-0.01,1,13,6,0.6,0.97,0.09,0.89,-0.05,0,0.3,1,53.8,65.7,0.38,0.44,-0.01,144421,14836327,82,0
394,4.51,0,13,13,1.89,1,0,1,0,0,0,1,100,100,0,0,4.51,147718,16119126,10,80
70,4.51,0,13,13,1.89,1,0,1,0,0,0,1,100,100,0,0,4.51,146678,12889288,70,0
386,4.51,0,13,13,1.89,1,0,1,0,0,0,1,100,100,0,0,4.51,152338,16049489,80,0
408,4.51,0,13,13,1.89,1,0,1,0,0,0,1,100,100,0,0,4.51,147308,16275152,10,60
411,3.13,1,13,12,1.11,1.15,0.44,1,0.07,0,0.17,1,92.3,92.3,0.32,0.27,2.71,147308,16249127,10,50
538,1.61,1,13,10,0.72,0.98,0.1,1.19,0.58,0,0.32,1,84.6,80.6,0.41,0.38,1.5,144127,18498663,80,0
271,1.14,1,13,9,0.66,0.67,-0.86,0.51,-0.93,0,0.73,1,84.6,74.5,0.41,0.31,1.06,143666,14643952,10,50
327,3.13,1,13,12,1.11,0.52,-0.44,0.17,-0.5,0,0.73,1,92.3,92.3,0.32,0.18,2.71,143673,15346897,10,0
224,4.51,0,13,13,1.89,1,0,1,0,0,0,1,100,100,0,0,4.51,142972,13991981,82,0
534,0.35,1,13,7,0.61,1.25,1.17,1.17,0.74,0,0.18,1,46.2,66.7,0.39,0.52,0.33,145239,18486258,10,50
155,2.21,1,13,11,0.84,0.73,-0.35,0.54,-0.39,0,0.63,1,92.3,86.3,0.38,0.28,2.02,149099,13282050,10,80
340,0.73,1,13,8,0.62,1.09,0.4,1.04,0.28,0,0.33,1,61.5,69.2,0.4,0.45,0.68,144978,15431673,10,50
359,3.13,1,13,12,1.11,1.15,0.54,0.6,0.16,0,0.31,1,92.3,92.3,0.32,0.28,2.71,143188,15456404,82,0
56,3.13,1,13,12,1.11,0.52,-0.44,0.17,-0.5,0,0.73,1,92.3,92.3,0.32,0.18,2.71,144030,12358681,10,0
355,3.13,1,13,12,1.11,1.15,0.54,0.6,0.14,0,0.3,1,92.3,92.3,0.32,0.28,2.71,143140,15459683,82,0
318,2.21,1,13,11,0.84,0.73,-0.35,0.54,-0.39,0,0.63,1,92.3,86.3,0.38,0.28,2.02,143330,14814269,82,0
347,4.51,0,13,13,1.89,1,0,1,0,0,0,1,100,100,0,0,4.51,146668,15437841,10,0
484,2.21,1,13,11,0.84,0.73,-0.35,0.54,-0.39,0,0.63,1,92.3,86.3,0.38,0.28,2.02,150669,16847466,90,50
85,3.13,1,13,12,1.11,0.52,-0.44,0.17,-0.5,0,0.73,1,92.3,92.3,0.32,0.18,2.71,144492,13005545,10,10
69,3.13,1,13,12,1.11,1.27,0.6,1.08,0.55,0,0.11,1,92.3,92.3,0.32,0.28,2.71,143829,12889288,10,50
13,3.13,1,13,12,1.11,0.52,-0.44,0.17,-0.47,0,0.73,1,92.3,92.3,0.32,0.18,2.71,148471,12074187,50,40
236,-0.38,1,13,5,0.61,1.4,1.86,1.25,0.64,0,0.32,1,53.8,67.3,0.36,0.54,-0.35,150549,14028034,80,0
25,-1.76,1,13,2,0.8,0.71,-0.41,0.35,-0.44,0,0.55,1,84.6,84.6,0.25,0.29,-1.57,144537,12230995,10,0
443,-0.77,1,13,4,0.64,0.87,-0.29,0.85,-0.12,0,0.45,1,84.6,71.3,0.33,0.42,-0.71,148721,16495152,82,0
278,2.21,1,13,11,0.84,0.83,-0.11,0.98,0.11,0,0.46,1,92.3,86.3,0.38,0.3,2.02,142999,14644258,80,0
435,3.13,1,13,12,1.11,0.52,-0.44,0.17,-0.5,0,0.73,1,92.3,92.3,0.32,0.18,2.71,146964,16362063,10,0
462,3.13,1,13,12,1.11,0.52,-0.44,0.17,-0.5,0,0.73,1,92.3,92.3,0.32,0.18,2.71,144616,16731786,10,50
232,1.14,1,13,9,0.66,0.64,-1.21,0.55,-1.22,0,0.76,1,84.6,74.5,0.41,0.34,1.06,148052,13991981,82,0
558,4.51,0,13,13,1.89,1,0,1,0,0,0,1,100,100,0,0,4.51,149478,19374488,10,50
230,-1.76,1,13,2,0.8,1,0.11,0.79,0,0,0.3,1,84.6,84.6,0.25,0.38,-1.57,143210,14003872,10,0
175,-1.21,1,13,3,0.69,1.44,1.42,1.81,1.34,0,-0.17,1,69.2,77.2,0.29,0.48,-1.11,149105,13862766,80,50
340,0.73,1,13,8,0.62,0.61,-1.31,0.6,-1.35,0,0.76,1,84.6,69.2,0.4,0.35,0.68,152543,15437841,80,0
520,3.13,1,13,12,1.11,0.52,-0.44,0.17,-0.5,0,0.73,1,92.3,92.3,0.32,0.18,2.71,143786,17615836,80,50
544,4.51,0,13,13,1.89,1,0,1,0,0,0,1,100,100,0,0,4.51,144798,18734995,70,50
70,2.21,1,13,11,0.84,0.79,-0.01,0.81,-0.16,0,0.49,1,92.3,86.3,0.38,0.3,2.02,143795,12698113,82,0
232,-2.59,1,13,1,1.06,0.78,-0.23,0.45,-0.15,0,0.45,1,92.3,92.3,0.18,0.25,-2.15,143125,14002388,82,0
402,1.61,1,13,10,0.72,0.66,-0.77,0.5,-0.89,0,0.73,1,84.6,80.6,0.41,0.31,1.5,152399,16193296,10,0
398,1.61,1,13,10,0.72,0.78,-0.35,0.59,-0.44,0,0.54,1,84.6,80.6,0.41,0.34,1.5,152543,16102320,82,0
23,-0.38,1,13,5,0.61,0.71,-1.17,0.64,-1.45,0,0.68,1,69.2,67.3,0.36,0.44,-0.35,150647,12212873,10,0
450,2.21,1,13,11,0.84,0.73,-0.35,0.54,-0.39,0,0.63,1,92.3,86.3,0.38,0.28,2.02,147949,16578465,82,0
505,4.51,0,13,13,1.89,1,0,1,0,0,0,1,100,100,0,0,4.51,148819,16930827,0,0
139,2.21,1,13,11,0.84,0.79,-0.23,0.69,-0.16,0,0.56,1,92.3,86.3,0.38,0.3,2.02,142934,13195484,70,0
321,4.51,0,13,13,1.89,1,0,1,0,0,0,1,100,100,0,0,4.51,146943,15156354,50,0
190,1.14,1,13,9,0.66,0.64,-0.86,0.5,-0.94,0,0.76,1,84.6,74.5,0.41,0.31,1.06,146245,13908081,82,0
355,3.13,1,13,12,1.11,1.39,0.69,2.12,1.08,0,-0.02,1,92.3,92.3,0.32,0.3,2.71,151636,15456889,82,0
134,1.14,1,13,9,0.66,1.1,0.45,1.01,0.14,0,0.34,1,69.2,74.5,0.41,0.46,1.06,144544,13195484,82,50
83,4.51,0,13,13,1.89,1,0,1,0,0,0,1,100,100,0,0,4.51,144489,12986712,82,0
330,3.13,1,13,12,1.11,0.52,-0.44,0.17,-0.5,0,0.73,1,92.3,92.3,0.32,0.18,2.71,143673,15291960,10,10
584,4.51,0,13,13,1.89,1,0,1,0,0,0,1,100,100,0,0,4.51,150000,19958862,10,50
13,-1.76,1,13,2,0.8,1.09,0.44,1.12,0.44,0,0.06,1,84.6,84.6,0.25,0.39,-1.57,147139,12163740,80,0
533,-3.89,-1,13,0,1.86,1,0,1,0,0,0,1,100,100,0,0,-3.89,148703,17772168,10,0
532,1.61,1,13,10,0.72,0.99,0.1,1.16,0.56,0,0.21,1,84.6,80.6,0.41,0.38,1.5,144317,18023924,82,0
35,1.61,1,13,10,0.72,0.83,-0.19,0.7,-0.24,0,0.49,1,84.6,80.6,0.41,0.35,1.5,151010,12290408,10,0
294,2.21,1,13,11,0.84,0.73,-0.35,0.54,-0.39,0,0.63,1,92.3,86.3,0.38,0.28,2.02,151567,14734400,90,50
451,4.51,0,13,13,1.89,1,0,1,0,0,0,1,100,100,0,0,4.51,150056,16583108,90,0
225,3.13,1,13,12,1.11,1.34,0.68,1.4,0.85,0,-0.07,1,92.3,92.3,0.32,0.29,2.71,151455,13992643,80,50
388,4.51,0,13,13,1.89,1,0,1,0,0,0,1,100,100,0,0,4.51,143639,16050754,80,50
375,2.21,1,13,11,0.84,0.73,-0.35,0.54,-0.39,0,0.63,1,92.3,86.3,0.38,0.28,2.02,152482,15631915,50,0
464,4.51,0,13,13,1.89,1,0,1,0,0,0,1,100,100,0,0,4.51,144654,16733509,90,0
208,2.21,1,13,11,0.84,0.73,-0.35,0.54,-0.39,0,0.63,1,92.3,86.3,0.38,0.28,2.02,151068,13983377,10,0
390,3.13,1,13,12,1.11,0.52,-0.44,0.17,-0.5,0,0.73,1,92.3,92.3,0.32,0.18,2.71,143930,15987469,10,0
205,4.51,0,13,13,1.89,1,0,1,0,0,0,1,100,100,0,0,4.51,145561,13970658,90,50
383,3.13,1,13,12,1.11,0.52,-0.44,0.17,-0.5,0,0.73,1,92.3,92.3,0.32,0.18,2.71,152480,15753891,50,0
94,-1.76,1,13,2,0.8,1.38,0.88,2.66,1.55,0,-0.3,1,84.6,84.6,0.25,0.41,-1.57,145987,13025716,10,0
455,2.21,1,13,11,0.84,0.73,-0.35,0.54,-0.39,0,0.63,1,92.3,86.3,0.38,0.28,2.02,148665,16615603,10,50
304,1.61,1,13,10,0.72,0.86,-0.21,0.68,-0.24,0,0.49,1,84.6,80.6,0.41,0.36,1.5,150558,14773392,10,0
413,3.13,1,13,12,1.11,0.52,-0.44,0.17,-0.5,0,0.73,1,92.3,92.3,0.32,0.18,2.71,143073,16238710,82,0
126,-3.89,-1,13,0,1.86,1,0,1,0,0,0,1,100,100,0,0,-3.89,143629,13177850,10,70
373,4.51,0,13,13,1.89,1,0,1,0,0,0,1,100,100,0,0,4.51,152369,15587401,82,0
371,4.51,0,13,13,1.89,1,0,1,0,0,0,1,100,100,0,0,4.51,152369,15571459,10,50
215,3.13,1,13,12,1.11,0.52,-0.44,0.17,-0.5,0,0.73,1,92.3,92.3,0.32,0.18,2.71,146245,13969099,80,0
460,-2.59,1,13,1,1.06,1.17,0.52,1.92,0.95,0,-0.14,1,92.3,92.3,0.18,0.27,-2.15,147211,16653807,80,0
432,2.21,1,13,11,0.84,0.73,-0.35,0.54,-0.39,0,0.63,1,92.3,86.3,0.38,0.28,2.02,148665,16400844,10,50
310,0.73,1,13,8,0.62,1.14,0.44,1.24,0.6,0,0.29,1,53.8,69.2,0.4,0.42,0.68,151046,14787695,10,50
362,3.13,1,13,12,1.11,0.52,-0.44,0.17,-0.5,0,0.73,1,92.3,92.3,0.32,0.18,2.71,144548,15506746,70,0
35,-0.01,1,13,6,0.6,1.1,0.56,1.01,0.14,0,0.33,1,69.2,65.7,0.38,0.47,-0.01,150706,12300268,10,0
509,4.51,0,13,13,1.89,1,0,1,0,0,0,1,100,100,0,0,4.51,148707,16963210,0,0
356,2.21,1,13,11,0.84,0.58,-0.7,0.35,-0.67,0,0.76,1,92.3,86.3,0.38,0.25,2.02,152057,15489213,90,50
19,-1.76,1,13,2,0.8,1.55,1,2.52,1.56,0,-0.23,1,69.2,84.6,0.25,0.45,-1.57,152216,12127655,70,10
